<?xml version="1.0" ?>
<configuration>
	<noDataLabel>Please Click on a Building</noDataLabel>
	<!-- The layer containing building features within your feature service -->
	<buildingLayer>
		<layer url="https://invisiondemos3.penbaysolutions.com/arcgis/rest/services/InVision/BNW_Demo/MapServer/4"/>
		<icon>widgets/BuildingNavigator/images/building.png</icon>
		<zoom>true</zoom>
    	<fields>
      		<field name="SHORTNAME" label="Building"/>
      		<field name="BLDGTYPE" label="Type"/>
      		<field name="FLOORCOUNT" label="Number of Floors"/>
    	</fields>
	</buildingLayer>
	<!-- The layer containing floor features within your feature service, and relationship field to building (nameField) -->
	<floorLayer>
		<layer url="https://invisiondemos3.penbaysolutions.com/arcgis/rest/services/InVision/BNW_Demo/MapServer/3"/>
		<icon>widgets/BuildingNavigator/images/floor.gif</icon>
        <fields>
        	<field name="FLOOR" label="Floor Number"/>
        	<field name="DESCRIP" label="Description"/>
        	<field name="ACCESSTYPE" label="Access Type"/>
        </fields>
	</floorLayer>
	<!-- The layer containing interior space features within your feature service, and relationship field to floor (nameField) -->
	<spaceLayer>
		<layer url="https://invisiondemos3.penbaysolutions.com/arcgis/rest/services/InVision/BNW_Demo/MapServer/2"/>
		<icon>widgets/BuildingNavigator/images/space.gif</icon>
		<nameField>SHORTNAME</nameField><!-- Default is SHORTNAME -->
        <fields>
        	<field name="SHORTNAME" label="Name"/>
        	<field name="SPACETYPE" label="Space Type"/>
        	<field name="ACCESSTYPE" label="Access Type"/>
        	<field name="FLOORAREA" label="Area"/>
        </fields>
		<!-- The rasterLayer lets you display one or more raster floorplans related to a building floor-->
		<!--<rasterLayer url="http://invision.dev.penbaysolutions.com/ArcGIS/rest/services/InVisionPortal/IVPRasterCatalogUnMan/MapServer/0" rasterCatalog="false">
			<floorIdField>FLOORKEY</floorIdField>
			<floorNameField>FILENAME</floorNameField>
			<floorNameFieldNew>Name</floorNameFieldNew>
	        <fields>
	        	<field name="RASTERTYPE" label="Type"/>
	        	<field name="DESCRIPTION" label="Description"/>
	        	<field name="HEIGHT" label="Height"/>
	        </fields>
	        <fieldsNew>
	        	<field name="Name" label="Name"/>
	        	<field name="BUILDINGKEY" label="Building"/>
	        	<field name="FLOOR" label="Floor"/>
	        </fieldsNew>
		</rasterLayer>-->
		<!-- The supportLayers section lets you relate any additional layers of interest to a specific floor. This could be things like floorplan lines, assets, or other feature layers-->
		<supportLayers url="https://invisiondemos3.penbaysolutions.com/arcgis/rest/services/InVision/BNW_Demo/MapServer">
			<layer id="0" keyField="FLOORKEY" parentKeyField="FLOORKEY"/> <!-- Points of Interest -->
			<layer id="1" keyField="FLOORKEY" parentKeyField="FLOORKEY"/> <!-- Floorplan LInes -->
		</supportLayers> 
	</spaceLayer>
</configuration>